{
  "title": "Chás",
  "sections": [
    {
      "type": "breadcrumbs",
      "enabled": true
    },
    {
      "type": "custom-html",
      "html": "<style>\n    \n    .linha-divisora{\n    border-bottom: 0.5px solid #b6baad;\n    width: 100%;\n    margin-bottom: 7%;\n    margin-top: 5%;\n    }\n  .super-title{\n    color: #007A64;\n    font-weight: 500;\n    font-size: 35px;\n    opacity: 1;\n    text-align: center;\n    margin-bottom: 10%;\n  }\n  .type-description{\n        display: flex;\n        flex-direction: column;\n        align-items: center;\n  }\n  .type-title{\n  font-weight: 300;\n    font-size: 30px;\n    opacity: 1;\n    margin-bottom: 4%;\n  }\n  .description{\n      text-align: center;\n    font-weight: 100;\n    font-size: 16px;\n    opacity: 1;\n    margin-bottom: 10%;\n    line-height: 40px;\n  }\n  .products{\n    width: 60%;\n    display: flex;\n    flex-direction: row;\n    align-items: center;\n    margin-bottom: 5%;\n    justify-content: space-between;\n  }\n  .prod-img {\n    border-radius: 5px;\n    width: 150px;\n    box-shadow: 1px 1px 4px rgb(0 0 0 / 25%);\n}\n  .prod-title{\n  font-weight: bold;\n    font-size: 11px;\n    color: #007A64;\n  }\n  .prod-price {\n    font-weight: bold;\n    font-size: 11px;\n  }\n  </style>\n       <h2 class='super-title'>\n      CHÁS\n    </h2>\n          \n    <div class='type-description'>\n      <h3 class='type-title'>\n        CHÁS PARA CRESCIMENTO CAPILAR\n      </h3>\n      <div class='description'>\n        Lorem ipsum dolor sit amet, consectetur adipiscing elit,\n        sed do eiusmod tempor incididunt ut labore et d do eiusmod\n        tempor incididunt ut labore et  Lorem ipsum dolor sit amet,\n        consectetur adipiscing elit, sed do eiusmod tempor incididunt\n        ut labore et \n      </div>\n      <div class='products'>\n          <div class='product'>\n            <div class='prod-img'>\n              <img class='prod-img' src='/img/uploads/salao.jpeg'>\n            </div>\n            <div class='prod-title'>\n              Chá 1\n            </div>\n            <div class='prod-price'>\n              R$ 59,90\n            </div>\n        </div>\n        <div class='product'>\n            <div class='prod-img'>\n              <img class='prod-img' src='/img/uploads/salao.jpeg'>\n            </div>\n            <div class='prod-title'>\n              Chá 1\n            </div>\n            <div class='prod-price'>\n              R$ 59,90\n            </div>\n        </div>\n        <div class='product'>\n            <div class='prod-img'>\n              <img class='prod-img' src='/img/uploads/salao.jpeg'>\n            </div>\n            <div class='prod-title'>\n              Chá 1\n            </div>\n            <div class='prod-price'>\n              R$ 59,90\n            </div>\n        </div>\n        <div class='product'>\n            <div class='prod-img'>\n              <img class='prod-img' src='/img/uploads/salao.jpeg'>\n            </div>\n            <div class='prod-title'>\n              Chá 1\n            </div>\n            <div class='prod-price'>\n              R$ 59,90\n            </div>\n        </div>\n      </div>\n      <div class='products'>\n          <div class='product'>\n            <div class='prod-img'>\n              <img class='prod-img' src='/img/uploads/salao.jpeg'>\n            </div>\n            <div class='prod-title'>\n              Chá 1\n            </div>\n            <div class='prod-price'>\n              R$ 59,90\n            </div>\n        </div>\n        <div class='product'>\n            <div class='prod-img'>\n              <img class='prod-img' src='/img/uploads/salao.jpeg'>\n            </div>\n            <div class='prod-title'>\n              Chá 1\n            </div>\n            <div class='prod-price'>\n              R$ 59,90\n            </div>\n        </div>\n        <div class='product'>\n            <div class='prod-img'>\n              <img class='prod-img' src='/img/uploads/salao.jpeg'>\n            </div>\n            <div class='prod-title'>\n              Chá 1\n            </div>\n            <div class='prod-price'>\n              R$ 59,90\n            </div>\n        </div>\n        <div class='product'>\n            <div class='prod-img'>\n              <img class='prod-img' src='/img/uploads/salao.jpeg'>\n            </div>\n            <div class='prod-title'>\n              Chá 1\n            </div>\n            <div class='prod-price'>\n              R$ 59,90\n            </div>\n        </div>\n      </div>\n      \n       <div class='type-description'>\n      <h3 style='margin-top: 5%' class='type-title'>\n        CHÁS PARA SAÚDE DOS FIOS\n      </h3>\n      <div class='description'>\n        Lorem ipsum dolor sit amet, consectetur adipiscing elit,\n        sed do eiusmod tempor incididunt ut labore et d do eiusmod\n        tempor incididunt ut labore et  Lorem ipsum dolor sit amet,\n        consectetur adipiscing elit, sed do eiusmod tempor incididunt\n        ut labore et \n      </div>\n      <div class='products'>\n          <div class='product'>\n            <div class='prod-img'>\n              <img class='prod-img' src='/img/uploads/salao.jpeg'>\n            </div>\n            <div class='prod-title'>\n              Chá 1\n            </div>\n            <div class='prod-price'>\n              R$ 59,90\n            </div>\n        </div>\n        <div class='product'>\n            <div class='prod-img'>\n              <img class='prod-img' src='/img/uploads/salao.jpeg'>\n            </div>\n            <div class='prod-title'>\n              Chá 1\n            </div>\n            <div class='prod-price'>\n              R$ 59,90\n            </div>\n        </div>\n        <div class='product'>\n            <div class='prod-img'>\n              <img class='prod-img' src='/img/uploads/salao.jpeg'>\n            </div>\n            <div class='prod-title'>\n              Chá 1\n            </div>\n            <div class='prod-price'>\n              R$ 59,90\n            </div>\n        </div>\n        <div class='product'>\n            <div class='prod-img'>\n              <img class='prod-img' src='/img/uploads/salao.jpeg'>\n            </div>\n            <div class='prod-title'>\n              Chá 1\n            </div>\n            <div class='prod-price'>\n              R$ 59,90\n            </div>\n        </div>\n      </div>\n      <div class='products'>\n          <div class='product'>\n            <div class='prod-img'>\n              <img class='prod-img' src='/img/uploads/salao.jpeg'>\n            </div>\n            <div class='prod-title'>\n              Chá 1\n            </div>\n            <div class='prod-price'>\n              R$ 59,90\n            </div>\n        </div>\n        <div class='product'>\n            <div class='prod-img'>\n              <img class='prod-img' src='/img/uploads/salao.jpeg'>\n            </div>\n            <div class='prod-title'>\n              Chá 1\n            </div>\n            <div class='prod-price'>\n              R$ 59,90\n            </div>\n        </div>\n        <div class='product'>\n            <div class='prod-img'>\n              <img class='prod-img' src='/img/uploads/salao.jpeg'>\n            </div>\n            <div class='prod-title'>\n              Chá 1\n            </div>\n            <div class='prod-price'>\n              R$ 59,90\n            </div>\n        </div>\n        <div class='product'>\n            <div class='prod-img'>\n              <img class='prod-img' src='/img/uploads/salao.jpeg'>\n            </div>\n            <div class='prod-title'>\n              Chá 1\n            </div>\n            <div class='prod-price'>\n              R$ 59,90\n            </div>\n        </div>\n      </div>\n         \n          <div class='type-description'>\n      <h3 style='margin-top: 5%' class='type-title'>\n        CHÁS PARA FORTALECIMENTO DA RAIZ\n      </h3>\n      <div class='description'>\n        Lorem ipsum dolor sit amet, consectetur adipiscing elit,\n        sed do eiusmod tempor incididunt ut labore et d do eiusmod\n        tempor incididunt ut labore et  Lorem ipsum dolor sit amet,\n        consectetur adipiscing elit, sed do eiusmod tempor incididunt\n        ut labore et \n      </div>\n      <div class='products'>\n          <div class='product'>\n            <div class='prod-img'>\n              <img class='prod-img' src='/img/uploads/salao.jpeg'>\n            </div>\n            <div class='prod-title'>\n              Chá 1\n            </div>\n            <div class='prod-price'>\n              R$ 59,90\n            </div>\n        </div>\n        <div class='product'>\n            <div class='prod-img'>\n              <img class='prod-img' src='/img/uploads/salao.jpeg'>\n            </div>\n            <div class='prod-title'>\n              Chá 1\n            </div>\n            <div class='prod-price'>\n              R$ 59,90\n            </div>\n        </div>\n        <div class='product'>\n            <div class='prod-img'>\n              <img class='prod-img' src='/img/uploads/salao.jpeg'>\n            </div>\n            <div class='prod-title'>\n              Chá 1\n            </div>\n            <div class='prod-price'>\n              R$ 59,90\n            </div>\n        </div>\n        <div class='product'>\n            <div class='prod-img'>\n              <img class='prod-img' src='/img/uploads/salao.jpeg'>\n            </div>\n            <div class='prod-title'>\n              Chá 1\n            </div>\n            <div class='prod-price'>\n              R$ 59,90\n            </div>\n        </div>\n      </div>\n      <div class='products'>\n          <div class='product'>\n            <div class='prod-img'>\n              <img class='prod-img' src='/img/uploads/salao.jpeg'>\n            </div>\n            <div class='prod-title'>\n              Chá 1\n            </div>\n            <div class='prod-price'>\n              R$ 59,90\n            </div>\n        </div>\n        <div class='product'>\n            <div class='prod-img'>\n              <img class='prod-img' src='/img/uploads/salao.jpeg'>\n            </div>\n            <div class='prod-title'>\n              Chá 1\n            </div>\n            <div class='prod-price'>\n              R$ 59,90\n            </div>\n        </div>\n        <div class='product'>\n            <div class='prod-img'>\n              <img class='prod-img' src='/img/uploads/salao.jpeg'>\n            </div>\n            <div class='prod-title'>\n              Chá 1\n            </div>\n            <div class='prod-price'>\n              R$ 59,90\n            </div>\n        </div>\n        <div class='product'>\n            <div class='prod-img'>\n              <img class='prod-img' src='/img/uploads/salao.jpeg'>\n            </div>\n            <div class='prod-title'>\n              Chá 1\n            </div>\n            <div class='prod-price'>\n              R$ 59,90\n            </div>\n        </div>\n      </div>\n  </div>\n\n    \n  "
    }
  ],
  "body": "``"
}