{
  "title": "Dúvidas frequentes",
  "meta_title": "Dúvidas frequentes",
  "meta_description": "Dúvidas frequentes",
  "body": "### Lorem ipsum dolor sit amet",
  "sections": [
    {
      "type": "custom-html",
      "html": "\r\n<style>\r\n    \r\n  .whole{\r\n    display: flex;\r\n        flex-direction: column;\r\n        align-items: center;\r\n margin-bottom: 4%;\r\n  }\r\n  \r\n  .title{\r\n    font-size: 30px;\r\n    font-weight: 500;\r\n    color: #007A64;\r\n    margin-bottom: 5%;\r\n  }\r\n  \r\n  .description{\r\n        display: flex;\r\n        flex-direction: row;\r\n        align-items: start;\r\n        width:70%;\r\n  }\r\n  \r\n  .text{\r\n    display: flex;\r\n        flex-direction: column;\r\n        align-items: start;\r\n   \r\n  }\r\n  .text-title{\r\n   text-align:center;\r\n    color: #007A64;\r\n    font-size:16px;\r\n  }\r\n  .about{\r\n   line-height:20px;\r\n   font-size:13px;\r\n  }\r\n  .linha-divisora{\r\n  border-bottom: 0.5px solid #b6baad;\r\n  width: 100%;\r\n  margin-bottom: 2%;\r\n  margin-top: 2%;\r\n  opacity: 40%;\r\n  }\r\n</style>\r\n\r\n<div class='whole'>\r\n    <h1 class='title'>\r\n        Perguntas Frequentes\r\n    </h1>\r\n    <div class='linha-divisora'></div>\r\n    <div class='text'>\r\n        <h2 class='text-title'>Lorem ipsum dolor sit amet, consectetur adipiscing elit, sed do?</h2>\r\n      <span class='about'>\r\n        Lorem ipsum dolor sit amet, consectetur adipiscing elit, sed do eiusmod tempor incididunt ut labore et dolore magna aliqua.\r\n        Lorem ipsum dolor sit amet, consectetur adipiscing elit, sed do eiusmod tempor incididunt ut labore et dolore magna aliqua.\r\n        Lorem ipsum dolor sit amet, consectetur adipiscing elit, sed do eiusmod tempor incididunt ut labore et dolore magna aliqua.\r\n        Lorem ipsum dolor sit amet, consectetur adipiscing elit, sed do eiusmod tempor incididunt ut labore et dolore magna aliqua.\r\n        \r\n      </span>\r\n    </div>\r\n    <div class='linha-divisora'></div>\r\n    <div class='text'>\r\n        <h2 class='text-title'>Lorem ipsum dolor sit amet, consectetur adipiscing elit, sed do?</h2>\r\n      <span class='about'>\r\n        Lorem ipsum dolor sit amet, consectetur adipiscing elit, sed do eiusmod tempor incididunt ut labore et dolore magna aliqua.\r\n        Lorem ipsum dolor sit amet, consectetur adipiscing elit, sed do eiusmod tempor incididunt ut labore et dolore magna aliqua.\r\n        Lorem ipsum dolor sit amet, consectetur adipiscing elit, sed do eiusmod tempor incididunt ut labore et dolore magna aliqua.\r\n        Lorem ipsum dolor sit amet, consectetur adipiscing elit, sed do eiusmod tempor incididunt ut labore et dolore magna aliqua.\r\n        \r\n      </span>\r\n    </div>\r\n    <div class='linha-divisora'></div>\r\n    <div class='text'>\r\n        <h2 class='text-title'>Lorem ipsum dolor sit amet, consectetur adipiscing elit, sed do?</h2>\r\n      <span class='about'>\r\n        Lorem ipsum dolor sit amet, consectetur adipiscing elit, sed do eiusmod tempor incididunt ut labore et dolore magna aliqua.\r\n        Lorem ipsum dolor sit amet, consectetur adipiscing elit, sed do eiusmod tempor incididunt ut labore et dolore magna aliqua.\r\n        Lorem ipsum dolor sit amet, consectetur adipiscing elit, sed do eiusmod tempor incididunt ut labore et dolore magna aliqua.\r\n        Lorem ipsum dolor sit amet, consectetur adipiscing elit, sed do eiusmod tempor incididunt ut labore et dolore magna aliqua.\r\n        \r\n      </span>\r\n    </div>\r\n    <div class='linha-divisora'></div>\r\n    <div class='text'>\r\n        <h2 class='text-title'>Lorem ipsum dolor sit amet, consectetur adipiscing elit, sed do?</h2>\r\n      <span class='about'>\r\n        Lorem ipsum dolor sit amet, consectetur adipiscing elit, sed do eiusmod tempor incididunt ut labore et dolore magna aliqua.\r\n        Lorem ipsum dolor sit amet, consectetur adipiscing elit, sed do eiusmod tempor incididunt ut labore et dolore magna aliqua.\r\n        Lorem ipsum dolor sit amet, consectetur adipiscing elit, sed do eiusmod tempor incididunt ut labore et dolore magna aliqua.\r\n        Lorem ipsum dolor sit amet, consectetur adipiscing elit, sed do eiusmod tempor incididunt ut labore et dolore magna aliqua.\r\n        \r\n      </span>\r\n    </div>\r\n    <div class='linha-divisora'></div>\r\n    <div class='text'>\r\n        <h2 class='text-title'>Lorem ipsum dolor sit amet, consectetur adipiscing elit, sed do?</h2>\r\n      <span class='about'>\r\n        Lorem ipsum dolor sit amet, consectetur adipiscing elit, sed do eiusmod tempor incididunt ut labore et dolore magna aliqua.\r\n        Lorem ipsum dolor sit amet, consectetur adipiscing elit, sed do eiusmod tempor incididunt ut labore et dolore magna aliqua.\r\n        Lorem ipsum dolor sit amet, consectetur adipiscing elit, sed do eiusmod tempor incididunt ut labore et dolore magna aliqua.\r\n        Lorem ipsum dolor sit amet, consectetur adipiscing elit, sed do eiusmod tempor incididunt ut labore et dolore magna aliqua.\r\n        \r\n      </span>\r\n    </div>\r\n    \r\n</div>"
    }
  ]
}