{
  "title": "Produtos",
  "body": "t﻿est",
  "sections": [
    {
      "type": "custom-html",
      "html": "<style>\n  .corpse{\n    display: flex;\n    align-items: center;\n    justify-content: center;\n    flex-direction: column;\n  }\n  .super-title{\n text-align:center;\n color: #007A64;\n  font-weight: 500;\n  font-size: 35px;\n  opacity: 1;\n  margin-bottom: 5%;\n  }\n  .type-title{\n  font-weight: 300;\n  font-size: 30px;\n  opacity: 1;\n    margin-bottom:4%;\n  }\n  .type-description{\n    text-align: center;\n  font-weight: 100;\n  font-size: 16px;\n  opacity: 1;\n    margin-bottom: 5%;\n    line-height: 40px\n  }\n  .svc-title{\n text-align:center;\n    color: #007A64;\n    font-weight: Regular;\n    font-size: 25px;\n    opacity: 1;\n    margin-bottom: 4%;\n  }\n  .svc-description{\n    display: flex;\n    align-items: center;\n    justify-content: space-between;\n    flex-direction: row;\n  }\n .img-layout{\n   height:100%;\n   width:40%;\n    \n  }\n  .svc-img{\n    height:400px;\n    width: 800px;\n    object-fit: cover;\n    \n    border-radius: 8.35px;\n  }\n .texts{\n    width:58%;\n    height:fit-content;\n    display: flex;\n    align-items: start;\n    justify-content: space-between;\n    flex-direction: column;\n  }\n .svc-button{\n  background-color: #847A38;\n  color: white;\n  width: 70%;\n  height: 30px;\n  display: flex;\n  align-items: center;\n  justify-content: center;\n  cursor: pointer;\n }\n  \n .svc-button:hover {\n    filter: brightness(80%);\n   transition: filter 2s;\n}\n .first-text{\n    font-size:14px;\n    margin-bottom: 3%;\n  }\n  @media only screen and (max-device-width: 416px) {\n .linha-divisora{\n  border-bottom: 0.5px solid #000000;\n  width: 100%;\n  margin-top: 15%;\n    opacity: 10%;\n  }\n .first-text{\n    font-size:14px;\n    margin-bottom: 3%;\n margin-top: 3%;\n  }\n .type-description{\n    text-align: center;\n  font-weight: 100;\n  font-size: 16px;\n  opacity: 1;\n    margin-bottom: 5%;\n    line-height: 30px\n  }\n .svc-button{\n  background-color: #847A38;\n  color: white;\n  width: 80%;\n  height: 30px;\n  display: flex;\n  align-items: center;\n  justify-content: center;\n  cursor: pointer;\n }\n  \n .svc-button:hover {\n    filter: brightness(80%);\n   transition: filter 2s;\n}\n .texts{\n  margin-top: 5%;\n  width:90%;\n    height: fit-content;\n    display: flex;\n    align-items: start;\n    justify-content: space-between;\n    flex-direction: column;\n  }\n  .svc-description{\n    display: flex;\n    align-items: center;\n    justify-content: space-between;\n    flex-direction: column;\n    }\n    .corpse{\n   height: fit-content; \n display: flex;\n    align-items: center;\n    justify-content: center;\n    flex-direction: column;\n    }\n    .img-layout{\n     height:40%;\n     width:80%;\n    \n    }\n      .svc-img{\n    height:200px;\n    width: 100%;\n    object-fit: cover;\n    \n    border-radius: 8.35px;\n    }\n  }\n        .icon-text{\n    display: flex;\n    align-items: center;\n    justify-content: start;\n    flex-direction: row;\n  }\n  .mini-icon{\n    width: 20px;\n    margin-right:10px\n  }\n  .mini-text{\n    font-size:12px;\n    color: #847A38;\n  }\n  .indicado-text{\n    font-size: 12px;\n    margin-left: 5%;\n    margin-bottom: 7%;\n  }\n  .align-button{\n    width: 100%;\n    display: flex;\n    align-items: center;\n    justify-content: center;\n    margin-top: 8%;\n    \n  }  \n   </style>\n<div class='corpse'>\n  \n  <h1 class='super-title'>PRODUTOS</h1>\n  \n    <div class='svc-description'>\n    <div class='img-layout'>\n     <img class='svc-img' src='/img/uploads/shampoos.jpg'>    \n    \n    </div> \n    <div class='texts'>\n   <h3 class='type-title'>Shampoos</h3>\n   <div class='first-text'>\n        Lorem ipsum dolor sit amet, consectetur\n        adipiscing elit, sed do eiusmod tempor \n        incididunt ut labore et dolore magna aliqua.\n        Ut enim ad minim veniam, quis nostrud exercitation\n        ullamco laboris nisi ut aliquip ex ea commodo consequat.\n        Lorem ipsum dolor sit amet, consectetur adipiscing elit,\n        sed do eiusmod tempor incididunt ut labore et dolore magna aliqua.\n        Ut enim ad minim veniam, quis nostrud exercitation ullamco laboris\n        nisi ut aliquip ex ea commodo consequat.\n      </div>\n                <div class='align-button'>\n        <div onClick=\"goToPage('https://terapiacapilar.netlify.app/pages/shampoos')\" class='svc-button'>\n            <span>VER TODOS OS SHAMPOOS</span>\n        </div>\n      </div>\n  </div>\n    \n</div>\n  <div class='linha-divisora'></div>"
    },
    {
      "type": "custom-html",
      "html": "<div class='corpse'>\n  \n    <div class='svc-description'>\n    <div class='img-layout'>\n     <img class='svc-img' src='/img/uploads/chas.png'>    \n    \n    </div> \n    <div class='texts'>\n   <h3 class='type-title'>Chás</h3>\n   <div class='first-text'>\n        Lorem ipsum dolor sit amet, consectetur\n        adipiscing elit, sed do eiusmod tempor \n        incididunt ut labore et dolore magna aliqua.\n        Ut enim ad minim veniam, quis nostrud exercitation\n        ullamco laboris nisi ut aliquip ex ea commodo consequat.\n        Lorem ipsum dolor sit amet, consectetur adipiscing elit,\n        sed do eiusmod tempor incididunt ut labore et dolore magna aliqua.\n        Ut enim ad minim veniam, quis nostrud exercitation ullamco laboris\n        nisi ut aliquip ex ea commodo consequat.\n      </div>\n                <div class='align-button'>\n        <div onClick=\"goToPage('https://terapiacapilar.netlify.app/pages/chas')\" class='svc-button'>\n            <span>VER TODOS OS CHÁS</span>\n        </div>\n      </div>\n  </div>\n    \n</div>\n  <div class='linha-divisora'></div>"
    }
  ]

}