{
  "title": "Serviços",
  "body": "``",
  "sections": [
    {
      "type": "custom-html",
      "html": "<style>\n  .corpse{\n    display: flex;\n    align-items: center;\n    justify-content: center;\n    flex-direction: column;\n  }\n  .super-title{\n text-align:center;\n color: #007A64;\n  font-weight: 500;\n  font-size: 35px;\n  opacity: 1;\n  margin-bottom: 10%;\n  }\n  .type-title{\n  font-weight: 300;\n  font-size: 30px;\n  opacity: 1;\n    margin-bottom:4%;\n  }\n  .type-description{\n    text-align: center;\n  font-weight: 100;\n  font-size: 16px;\n  opacity: 1;\n    margin-bottom: 5%;\n    line-height: 40px\n  }\n  .svc-title{\n text-align:center;\n    color: #007A64;\n    font-weight: Regular;\n    font-size: 25px;\n    opacity: 1;\n    margin-bottom: 4%;\n  }\n  .svc-description{\n    display: flex;\n    align-items: center;\n    justify-content: space-between;\n    flex-direction: row;\n  }\n .img-layout{\n   height:100%;\n   width:40%;\n    \n  }\n  .svc-img{\n    height:400px;\n    width: 800px;\n    object-fit: cover;\n    \n    border-radius: 8.35px;\n  }\n .texts{\n    width:58%;\n    height:fit-content;\n    display: flex;\n    align-items: start;\n    justify-content: space-between;\n    flex-direction: column;\n  }\n .svc-button{\n  background-color: #847A38;\n  color: white;\n  width: 70%;\n  height: 30px;\n  display: flex;\n  align-items: center;\n  justify-content: center;\n  cursor: pointer;\n }\n  \n .svc-button:hover {\n    filter: brightness(80%);\n   transition: filter 2s;\n}\n .first-text{\n    font-size:14px;\n    margin-bottom: 3%;\n  }\n  @media only screen and (max-device-width: 416px) {\n .linha-divisora{\n  border-bottom: 0.5px solid #000000;\n  width: 100%;\n  margin-top: 15%;\n    opacity: 10%;\n  }\n .first-text{\n    font-size:14px;\n    margin-bottom: 3%;\n margin-top: 3%;\n  }\n .type-description{\n    text-align: center;\n  font-weight: 100;\n  font-size: 16px;\n  opacity: 1;\n    margin-bottom: 5%;\n    line-height: 30px\n  }\n .svc-button{\n  background-color: #847A38;\n  color: white;\n  width: 80%;\n  height: 30px;\n  display: flex;\n  align-items: center;\n  justify-content: center;\n  cursor: pointer;\n }\n  \n .svc-button:hover {\n    filter: brightness(80%);\n   transition: filter 2s;\n}\n .texts{\n  margin-top: 5%;\n  width:90%;\n    height: fit-content;\n    display: flex;\n    align-items: start;\n    justify-content: space-between;\n    flex-direction: column;\n  }\n  .svc-description{\n    display: flex;\n    align-items: center;\n    justify-content: space-between;\n    flex-direction: column;\n    }\n    .corpse{\n   height: fit-content; \n display: flex;\n    align-items: center;\n    justify-content: center;\n    flex-direction: column;\n    }\n    .img-layout{\n     height:40%;\n     width:80%;\n    \n    }\n      .svc-img{\n    height:200px;\n    width: 100%;\n    object-fit: cover;\n    \n    border-radius: 8.35px;\n    }\n  }\n        .icon-text{\n    display: flex;\n    align-items: center;\n    justify-content: start;\n    flex-direction: row;\n  }\n  .mini-icon{\n    width: 20px;\n    margin-right:10px\n  }\n  .mini-text{\n    font-size:12px;\n    color: #847A38;\n  }\n  .indicado-text{\n    font-size: 12px;\n    margin-left: 5%;\n    margin-bottom: 7%;\n  }\n  .align-button{\n    width: 100%;\n    display: flex;\n    align-items: center;\n    justify-content: center;\n    margin-top: 8%;\n    \n  }  \n   </style>\n<div class='corpse'>\n  \n  <h1 class='super-title'>Serviços de Terapia Capilar</h1>\n  <h2 class='type-title'>TERAPIAS CAPILARES</h2>\n  <span class='type-description'>Lorem ipsum dolor sit amet, consectetur adipiscing elit,\n    sed do eiusmod tempor incididunt ut labore et d do eiusmod\n    tempor incididunt ut labore et  Lorem ipsum dolor sit amet,\n    consectetur adipiscing elit, sed do eiusmod tempor incididunt ut labore et\n  </span>\n\n  <h3 class='svc-title'>Terapia da Lua Cheia</h3>\n  <div class='svc-description'>\n    <div class='img-layout'>\n     <img class='svc-img' src='/img/uploads/lua-cheia.png'>    \n    \n    </div> \n    <div class='texts'>\n      <div class='first-text'>\n        Lorem ipsum dolor sit amet, consectetur\n        adipiscing elit, sed do eiusmod tempor \n        incididunt ut labore et dolore magna aliqua.\n        Ut enim ad minim veniam, quis nostrud exercitation\n        ullamco laboris nisi ut aliquip ex ea commodo consequat.\n        Lorem ipsum dolor sit amet, consectetur adipiscing elit,\n        sed do eiusmod tempor incididunt ut labore et dolore magna aliqua.\n        Ut enim ad minim veniam, quis nostrud exercitation ullamco laboris\n        nisi ut aliquip ex ea commodo consequat.\n      </div>\n      <div class='icon-text'>\n        <img class='mini-icon' src='/img/uploads/indicado.svg'>\n        <div class='mini-text'>\n          Para quem esse tratamento é indicado:\n        </div>\n      </div>\n      <div class='indicado-text'>\n        Lorem ipsum dolor sit amer, consectetur adpiscing elit,\n        sed e eiusmod tempor incididunt ut labore et. Lorem ipsum\n        dolor sit amer, consectetur adpiscing elit, koalis aturet\n        molas dart kao.\n      </div>\n      <div class='icon-text'>\n        <img class='mini-icon' src='/img/uploads/time.svg'>\n        <div class='mini-text'>\n          Tempo para execução do procedimento:\n        </div>\n      </div>\n      <div class='indicado-text'>\n        Lorem ipsum dolor sit amer, consectetur adpiscing elit\n      </div>\n      <div class='align-button'>\n        <div onClick=\"goToPage('https://terapiacapilar.netlify.app/sobre-nos')\" class='svc-button'>\n            <span>AGENDAR ATENDIMENTO</span>\n        </div>\n      </div>\n  </div>\n    \n</div>\n  <div class='linha-divisora'></div>"
    },
    {
      "type": "custom-html",
      "html": "<div class='corpse'>\n\n  <h3 class='svc-title'>Terapia Capilar Completa</h3>\n  <div class='svc-description'>\n    <div class='img-layout'>\n     <img class='svc-img' src='/img/uploads/terapia-completa.png'>    \n    \n    </div> \n    <div class='texts'>\n      <div class='first-text'>\n        Lorem ipsum dolor sit amet, consectetur\n        adipiscing elit, sed do eiusmod tempor \n        incididunt ut labore et dolore magna aliqua.\n        Ut enim ad minim veniam, quis nostrud exercitation\n        ullamco laboris nisi ut aliquip ex ea commodo consequat.\n        Lorem ipsum dolor sit amet, consectetur adipiscing elit,\n        sed do eiusmod tempor incididunt ut labore et dolore magna aliqua.\n        Ut enim ad minim veniam, quis nostrud exercitation ullamco laboris\n        nisi ut aliquip ex ea commodo consequat.\n      </div>\n      <div class='icon-text'>\n       <img class='mini-icon' src='/img/uploads/indicado.svg'>\n        <div class='mini-text'>\n          Para quem esse tratamento é indicado:\n        </div>\n      </div>\n      <div class='indicado-text'>\n        Lorem ipsum dolor sit amer, consectetur adpiscing elit,\n        sed e eiusmod tempor incididunt ut labore et. Lorem ipsum\n        dolor sit amer, consectetur adpiscing elit, koalis aturet\n        molas dart kao.\n      </div>\n      <div class='icon-text'>\n        <img class='mini-icon' src='/img/uploads/time.svg'>\n        <div class='mini-text'>\n          Tempo para execução do procedimento:\n        </div>\n      </div>\n      <div class='indicado-text'>\n        Lorem ipsum dolor sit amer, consectetur adpiscing elit\n      </div>\n      <div class='align-button'>\n        <div onClick=\"goToPage('https://terapiacapilar.netlify.app/sobre-nos')\" class='svc-button'>\n            <span>AGENDAR ATENDIMENTO</span>\n        </div>\n      </div>\n  </div>\n    \n</div>\n  <div class='linha-divisora'></div>"
    },
    {
      "type": "custom-html",
      "html": "<div class='corpse'>\n\n  <h3 class='svc-title'>Terapia de Reabilitação Capilar</h3>\n  <div class='svc-description'>\n    <div class='img-layout'>\n     <img class='svc-img' src='/img/uploads/reabilitacao-capilar.png'>    \n    \n    </div> \n    <div class='texts'>\n      <div class='first-text'>\n        Lorem ipsum dolor sit amet, consectetur\n        adipiscing elit, sed do eiusmod tempor \n        incididunt ut labore et dolore magna aliqua.\n        Ut enim ad minim veniam, quis nostrud exercitation\n        ullamco laboris nisi ut aliquip ex ea commodo consequat.\n        Lorem ipsum dolor sit amet, consectetur adipiscing elit,\n        sed do eiusmod tempor incididunt ut labore et dolore magna aliqua.\n        Ut enim ad minim veniam, quis nostrud exercitation ullamco laboris\n        nisi ut aliquip ex ea commodo consequat.\n      </div>\n      <div class='icon-text'>\n        <img class='mini-icon' src='/img/uploads/indicado.svg'>\n        <div class='mini-text'>\n          Para quem esse tratamento é indicado:\n        </div>\n      </div>\n      <div class='indicado-text'>\n        Lorem ipsum dolor sit amer, consectetur adpiscing elit,\n        sed e eiusmod tempor incididunt ut labore et. Lorem ipsum\n        dolor sit amer, consectetur adpiscing elit, koalis aturet\n        molas dart kao.\n      </div>\n      <div class='icon-text'>\n        <img class='mini-icon' src='/img/uploads/time.svg'>\n        <div class='mini-text'>\n          Tempo para execução do procedimento:\n        </div>\n      </div>\n      <div class='indicado-text'>\n        Lorem ipsum dolor sit amer, consectetur adpiscing elit\n      </div>\n      <div class='align-button'>\n        <div onClick=\"goToPage('https://terapiacapilar.netlify.app/sobre-nos')\" class='svc-button'>\n            <span>AGENDAR ATENDIMENTO</span>\n        </div>\n      </div>\n  </div>\n    \n</div>\n  <div style='margin-bottom:7%'></div>"
    },
    {
      "type": "custom-html",
      "html": "<div class='corpse'>\n  <h2 class='type-title'>TRATAMENTOS DOS FIOS E COURO</h2>\n  <span class='type-description'>Lorem ipsum dolor sit amet, consectetur adipiscing elit,\n    sed do eiusmod tempor incididunt ut labore et d do eiusmod\n    tempor incididunt ut labore et  Lorem ipsum dolor sit amet,\n    consectetur adipiscing elit, sed do eiusmod tempor incididunt ut labore et\n  </span>\n\n  <h3 class='svc-title'>Spa dos Fios</h3>\n  <div class='svc-description'>\n    <div class='img-layout'>\n     <img class='svc-img' src='/img/uploads/spa-dos-fios.png'>    \n    \n    </div> \n    <div class='texts'>\n      <div class='first-text'>\n        Lorem ipsum dolor sit amet, consectetur\n        adipiscing elit, sed do eiusmod tempor \n        incididunt ut labore et dolore magna aliqua.\n        Ut enim ad minim veniam, quis nostrud exercitation\n        ullamco laboris nisi ut aliquip ex ea commodo consequat.\n        Lorem ipsum dolor sit amet, consectetur adipiscing elit,\n        sed do eiusmod tempor incididunt ut labore et dolore magna aliqua.\n        Ut enim ad minim veniam, quis nostrud exercitation ullamco laboris\n        nisi ut aliquip ex ea commodo consequat.\n      </div>\n      <div class='icon-text'>\n        <img class='mini-icon' src='/img/uploads/indicado.svg'>\n        <div class='mini-text'>\n          Para quem esse tratamento é indicado:\n        </div>\n      </div>\n      <div class='indicado-text'>\n        Lorem ipsum dolor sit amer, consectetur adpiscing elit,\n        sed e eiusmod tempor incididunt ut labore et. Lorem ipsum\n        dolor sit amer, consectetur adpiscing elit, koalis aturet\n        molas dart kao.\n      </div>\n      <div class='icon-text'>\n        <img class='mini-icon' src='/img/uploads/time.svg'>\n        <div class='mini-text'>\n          Tempo para execução do procedimento:\n        </div>\n      </div>\n      <div class='indicado-text'>\n        Lorem ipsum dolor sit amer, consectetur adpiscing elit\n      </div>\n      <div class='align-button'>\n        <div onClick=\"goToPage('https://terapiacapilar.netlify.app/sobre-nos')\" class='svc-button'>\n            <span>AGENDAR ATENDIMENTO</span>\n        </div>\n      </div>\n  </div>\n    \n</div>\n  <div class='linha-divisora'></div>"
    },
    {
      "type": "custom-html",
      "html": "<div class='corpse'>\n\n  <h3 class='svc-title'>Microagulhamento</h3>\n  <div class='svc-description'>\n    <div class='img-layout'>\n     <img class='svc-img' src='/img/uploads/microagulhamento.png'>    \n    \n    </div> \n    <div class='texts'>\n      <div class='first-text'>\n        Lorem ipsum dolor sit amet, consectetur\n        adipiscing elit, sed do eiusmod tempor \n        incididunt ut labore et dolore magna aliqua.\n        Ut enim ad minim veniam, quis nostrud exercitation\n        ullamco laboris nisi ut aliquip ex ea commodo consequat.\n        Lorem ipsum dolor sit amet, consectetur adipiscing elit,\n        sed do eiusmod tempor incididunt ut labore et dolore magna aliqua.\n        Ut enim ad minim veniam, quis nostrud exercitation ullamco laboris\n        nisi ut aliquip ex ea commodo consequat.\n      </div>\n      <div class='icon-text'>\n        <img class='mini-icon' src='/img/uploads/indicado.svg'>\n        <div class='mini-text'>\n          Para quem esse tratamento é indicado:\n        </div>\n      </div>\n      <div class='indicado-text'>\n        Lorem ipsum dolor sit amer, consectetur adpiscing elit,\n        sed e eiusmod tempor incididunt ut labore et. Lorem ipsum\n        dolor sit amer, consectetur adpiscing elit, koalis aturet\n        molas dart kao.\n      </div>\n      <div class='icon-text'>\n        <img class='mini-icon' src='/img/uploads/time.svg'>\n        <div class='mini-text'>\n          Tempo para execução do procedimento:\n        </div>\n      </div>\n      <div class='indicado-text'>\n        Lorem ipsum dolor sit amer, consectetur adpiscing elit\n      </div>\n      <div class='align-button'>\n        <div onClick=\"goToPage('https://terapiacapilar.netlify.app/sobre-nos')\" class='svc-button'>\n            <span>AGENDAR ATENDIMENTO</span>\n        </div>\n      </div>\n  </div>\n    \n</div>\n  <div class='linha-divisora'></div>"
    },
    {
      "type": "custom-html",
      "html": "<div class='corpse'>\n\n  <h3 class='svc-title'>Detox</h3>\n  <div class='svc-description'>\n    <div class='img-layout'>\n     <img class='svc-img' src='/img/uploads/detox.png'>    \n    \n    </div> \n    <div class='texts'>\n      <div class='first-text'>\n        Lorem ipsum dolor sit amet, consectetur\n        adipiscing elit, sed do eiusmod tempor \n        incididunt ut labore et dolore magna aliqua.\n        Ut enim ad minim veniam, quis nostrud exercitation\n        ullamco laboris nisi ut aliquip ex ea commodo consequat.\n        Lorem ipsum dolor sit amet, consectetur adipiscing elit,\n        sed do eiusmod tempor incididunt ut labore et dolore magna aliqua.\n        Ut enim ad minim veniam, quis nostrud exercitation ullamco laboris\n        nisi ut aliquip ex ea commodo consequat.\n      </div>\n      <div class='icon-text'>\n        <img class='mini-icon' src='/img/uploads/indicado.svg'>\n        <div class='mini-text'>\n          Para quem esse tratamento é indicado:\n        </div>\n      </div>\n      <div class='indicado-text'>\n        Lorem ipsum dolor sit amer, consectetur adpiscing elit,\n        sed e eiusmod tempor incididunt ut labore et. Lorem ipsum\n        dolor sit amer, consectetur adpiscing elit, koalis aturet\n        molas dart kao.\n      </div>\n      <div class='icon-text'>\n        <img class='mini-icon' src='/img/uploads/time.svg'>\n        <div class='mini-text'>\n          Tempo para execução do procedimento:\n        </div>\n      </div>\n      <div class='indicado-text'>\n        Lorem ipsum dolor sit amer, consectetur adpiscing elit\n      </div>\n      <div class='align-button'>\n        <div onClick=\"goToPage('https://terapiacapilar.netlify.app/sobre-nos')\" class='svc-button'>\n            <span>AGENDAR ATENDIMENTO</span>\n        </div>\n      </div>\n  </div>\n    \n</div>\n  <div class='linha-divisora'></div>"
    },
    {
      "type": "custom-html",
      "html": "<div class='corpse'>\n\n  <h3 class='svc-title'>Oil Control</h3>\n  <div class='svc-description'>\n    <div class='img-layout'>\n     <img class='svc-img' src='/img/uploads/oil-control.png'>    \n    \n    </div> \n    <div class='texts'>\n      <div class='first-text'>\n        Lorem ipsum dolor sit amet, consectetur\n        adipiscing elit, sed do eiusmod tempor \n        incididunt ut labore et dolore magna aliqua.\n        Ut enim ad minim veniam, quis nostrud exercitation\n        ullamco laboris nisi ut aliquip ex ea commodo consequat.\n        Lorem ipsum dolor sit amet, consectetur adipiscing elit,\n        sed do eiusmod tempor incididunt ut labore et dolore magna aliqua.\n        Ut enim ad minim veniam, quis nostrud exercitation ullamco laboris\n        nisi ut aliquip ex ea commodo consequat.\n      </div>\n      <div class='icon-text'>\n        <img class='mini-icon' src='/img/uploads/indicado.svg'>\n        <div class='mini-text'>\n          Para quem esse tratamento é indicado:\n        </div>\n      </div>\n      <div class='indicado-text'>\n        Lorem ipsum dolor sit amer, consectetur adpiscing elit,\n        sed e eiusmod tempor incididunt ut labore et. Lorem ipsum\n        dolor sit amer, consectetur adpiscing elit, koalis aturet\n        molas dart kao.\n      </div>\n      <div class='icon-text'>\n        <img class='mini-icon' src='/img/uploads/time.svg'>\n        <div class='mini-text'>\n          Tempo para execução do procedimento:\n        </div>\n      </div>\n      <div class='indicado-text'>\n        Lorem ipsum dolor sit amer, consectetur adpiscing elit\n      </div>\n      <div class='align-button'>\n        <div onClick=\"goToPage('https://terapiacapilar.netlify.app/sobre-nos')\" class='svc-button'>\n            <span>AGENDAR ATENDIMENTO</span>\n        </div>\n      </div>\n  </div>\n    \n</div>\n  <div style='margin-bottom:7%'></div>  \n"
    },
    {
      "type": "custom-html",
      "html": "<div class='corpse'>\n  <h2 class='type-title'>CORTES E CONSULTAS</h2>\n  <span class='type-description'>Lorem ipsum dolor sit amet, consectetur adipiscing elit,\n    sed do eiusmod tempor incididunt ut labore et d do eiusmod\n    tempor incididunt ut labore et  Lorem ipsum dolor sit amet,\n    consectetur adipiscing elit, sed do eiusmod tempor incididunt ut labore et\n  </span>\n\n  <h3 class='svc-title'>Reconstruct</h3>\n  <div class='svc-description'>\n    <div class='img-layout'>\n     <img class='svc-img' src='/img/uploads/reconstruct.png'>    \n    \n    </div> \n    <div class='texts'>\n      <div class='first-text'>\n        Lorem ipsum dolor sit amet, consectetur\n        adipiscing elit, sed do eiusmod tempor \n        incididunt ut labore et dolore magna aliqua.\n        Ut enim ad minim veniam, quis nostrud exercitation\n        ullamco laboris nisi ut aliquip ex ea commodo consequat.\n        Lorem ipsum dolor sit amet, consectetur adipiscing elit,\n        sed do eiusmod tempor incididunt ut labore et dolore magna aliqua.\n        Ut enim ad minim veniam, quis nostrud exercitation ullamco laboris\n        nisi ut aliquip ex ea commodo consequat.\n      </div>\n      <div class='icon-text'>\n        <img class='mini-icon' src='/img/uploads/indicado.svg'>\n        <div class='mini-text'>\n          Para quem esse tratamento é indicado:\n        </div>\n      </div>\n      <div class='indicado-text'>\n        Lorem ipsum dolor sit amer, consectetur adpiscing elit,\n        sed e eiusmod tempor incididunt ut labore et. Lorem ipsum\n        dolor sit amer, consectetur adpiscing elit, koalis aturet\n        molas dart kao.\n      </div>\n      <div class='icon-text'>\n        <img class='mini-icon' src='/img/uploads/time.svg'>\n        <div class='mini-text'>\n          Tempo para execução do procedimento:\n        </div>\n      </div>\n      <div class='indicado-text'>\n        Lorem ipsum dolor sit amer, consectetur adpiscing elit\n      </div>\n      <div class='align-button'>\n        <div onClick=\"goToPage('https://terapiacapilar.netlify.app/sobre-nos')\" class='svc-button'>\n            <span>AGENDAR ATENDIMENTO</span>\n        </div>\n      </div>\n  </div>\n    \n</div>\n  <div class='linha-divisora'></div>"
    },
    {
      "type": "custom-html",
      "html": "<div class='corpse'>\n\n  <h3 class='svc-title'>Consulta Capilar</h3>\n  <div class='svc-description'>\n    <div class='img-layout'>\n     <img class='svc-img' src='/img/uploads/consulta-capilar.png'>    \n    \n    </div> \n    <div class='texts'>\n      <div class='first-text'>\n        Lorem ipsum dolor sit amet, consectetur\n        adipiscing elit, sed do eiusmod tempor \n        incididunt ut labore et dolore magna aliqua.\n        Ut enim ad minim veniam, quis nostrud exercitation\n        ullamco laboris nisi ut aliquip ex ea commodo consequat.\n        Lorem ipsum dolor sit amet, consectetur adipiscing elit,\n        sed do eiusmod tempor incididunt ut labore et dolore magna aliqua.\n        Ut enim ad minim veniam, quis nostrud exercitation ullamco laboris\n        nisi ut aliquip ex ea commodo consequat.\n      </div>\n      <div class='icon-text'>\n        <img class='mini-icon' src='/img/uploads/indicado.svg'>\n        <div class='mini-text'>\n          Para quem esse tratamento é indicado:\n        </div>\n      </div>\n      <div class='indicado-text'>\n        Lorem ipsum dolor sit amer, consectetur adpiscing elit,\n        sed e eiusmod tempor incididunt ut labore et. Lorem ipsum\n        dolor sit amer, consectetur adpiscing elit, koalis aturet\n        molas dart kao.\n      </div>\n      <div class='icon-text'>\n        <img class='mini-icon' src='/img/uploads/time.svg'>\n        <div class='mini-text'>\n          Tempo para execução do procedimento:\n        </div>\n      </div>\n      <div class='indicado-text'>\n        Lorem ipsum dolor sit amer, consectetur adpiscing elit\n      </div>\n      <div class='align-button'>\n        <div onClick=\"goToPage('https://terapiacapilar.netlify.app/sobre-nos')\" class='svc-button'>\n            <span>AGENDAR ATENDIMENTO</span>\n        </div>\n      </div>\n  </div>\n    \n</div>\n<div class='linha-divisora'></div>"
    },
    {
      "type": "custom-html",
      "html": "<div class='corpse'>\n\n  <h3 class='svc-title'>Corte Terapêutico</h3>\n  <div class='svc-description'>\n    <div class='img-layout'>\n     <img class='svc-img' src='/img/uploads/corte-terapeutico.png'>    \n    \n    </div> \n    <div class='texts'>\n      <div class='first-text'>\n        Lorem ipsum dolor sit amet, consectetur\n        adipiscing elit, sed do eiusmod tempor \n        incididunt ut labore et dolore magna aliqua.\n        Ut enim ad minim veniam, quis nostrud exercitation\n        ullamco laboris nisi ut aliquip ex ea commodo consequat.\n        Lorem ipsum dolor sit amet, consectetur adipiscing elit,\n        sed do eiusmod tempor incididunt ut labore et dolore magna aliqua.\n        Ut enim ad minim veniam, quis nostrud exercitation ullamco laboris\n        nisi ut aliquip ex ea commodo consequat.\n      </div>\n      <div class='icon-text'>\n        <img class='mini-icon' src='/img/uploads/indicado.svg'>\n        <div class='mini-text'>\n          Para quem esse tratamento é indicado:\n        </div>\n      </div>\n      <div class='indicado-text'>\n        Lorem ipsum dolor sit amer, consectetur adpiscing elit,\n        sed e eiusmod tempor incididunt ut labore et. Lorem ipsum\n        dolor sit amer, consectetur adpiscing elit, koalis aturet\n        molas dart kao.\n      </div>\n      <div class='icon-text'>\n        <img class='mini-icon' src='/img/uploads/time.svg'>\n        <div class='mini-text'>\n          Tempo para execução do procedimento:\n        </div>\n      </div>\n      <div class='indicado-text'>\n        Lorem ipsum dolor sit amer, consectetur adpiscing elit\n      </div>\n      <div class='align-button'>\n        <div onClick=\"goToPage('https://terapiacapilar.netlify.app/sobre-nos')\" class='svc-button'>\n            <span>AGENDAR ATENDIMENTO</span>\n        </div>\n      </div>\n  </div>\n    \n</div>\n\n  <div style='margin-bottom:5%'></div>  "
    }
  ]
}