{
  "title": "Sobre nós",
  "meta_title": "Sobre nós",
  "meta_description": "Sobre nós",
  "sections": [
    {
      "type": "custom-html",
      "html": "<script>\n    let switching = false;\n    let galleryItems = [\n        {\n            \"id\": \"Id2f5Y9dq1g\",\n            \"url\": \"https://terapiacapilar.netlify.app/img/uploads/salao1.jpg\",\n            \"thumb\": \"https://terapiacapilar.netlify.app/img/uploads/salao1.jpg\"\n        },\n        {\n            \"id\": \"pzC7JfukhUM\",\n            \"url\": \"https://terapiacapilar.netlify.app/img/uploads/salao2.jpg\",\n            \"thumb\": \"https://terapiacapilar.netlify.app/img/uploads/salao2.jpg\"\n        },\n        {\n            \"id\": \"ystlZBTbKiY\",\n            \"url\": \"https://terapiacapilar.netlify.app/img/uploads/salao3.jpeg\",\n            \"thumb\": \"https://terapiacapilar.netlify.app/img/uploads/salao3.jpeg\"\n        },\n        {\n            \"id\": \"DOb-2jd0sbc\",\n            \"url\": \"https://terapiacapilar.netlify.app/img/uploads/salao4.jpeg\",\n            \"thumb\": \"https://terapiacapilar.netlify.app/img/uploads/salao4.jpeg\"\n        },\n        {\n            \"id\": \"k_4m9_0PO3Q\",\n            \"url\": \"https://terapiacapilar.netlify.app/img/uploads/salao5.jpeg\",\n            \"thumb\": \"https://terapiacapilar.netlify.app/img/uploads/salao5.jpeg\"\n        }\n    ];\n\n    function updateGallery() {\n        const galleryCoreImgs = document.querySelectorAll('.gallery__core img');\n        for (let i = 0; i < galleryCoreImgs.length; i++) {\n            galleryCoreImgs[i].src = galleryItems[0].url;\n        }\n\n        const galleryTrack = document.querySelector('.gallery__track');\n        galleryTrack.innerHTML = '';\n\n        galleryItems.forEach((item, index) => {\n            const galleryTrackItem = document.createElement('div');\n            galleryTrackItem.className = `gallery__track__item ${index === 0 ? 'active' : ''}`;\n            galleryTrackItem.innerHTML = `\n        <img src=\"${item.thumb}\" data-full=\"${item.url}\" alt=\"\">\n      `;\n            galleryTrack.appendChild(galleryTrackItem);\n        });\n    }\n\n    window.onload = function() {\n\n        updateGallery();\n    \n        const galleryTrack = document.querySelector('.gallery__track');\n        galleryTrack.addEventListener('click', (event) => {\n            if (!switching) {\n                switching = true;\n    \n                const galleryTrackItem = event.target.closest('.gallery__track__item');\n                galleryTrackItem.classList.add('active');\n                const siblings = Array.from(galleryTrackItem.parentNode.children);\n                siblings.forEach((sibling) => {\n                    if (sibling !== galleryTrackItem) {\n                        sibling.classList.remove('active');\n                    }\n                });\n    \n                const oldImg = document.querySelector('.gallery__core img');\n                const newImg = galleryTrackItem.querySelector('img').dataset.full;\n                const newImgElement = document.createElement('img');\n                newImgElement.classList.add('slide-in');\n                newImgElement.src = newImg;\n    \n    \n                const galleryCore = document.querySelector('.gallery__core');\n                galleryCore.appendChild(newImgElement);\n    \n              \n                setTimeout(() => {\n                    newImgElement.classList.add('shift-up');\n                    oldImg.classList.add('shift-up');\n                    setTimeout(() => {\n                        galleryCore.removeChild(oldImg);\n                        newImgElement.classList.remove('slide-in', 'shift-up');\n                        switching = false;\n                    }, 400);\n                }, 10);\n            }\n        })\n    }\n</script>\n<style>\n    \n\n .html-clearfix {\n margin-bottom: var(--spacer-4);\n    margin-top: var(--spacer-4); overflow-x: hidden;    max-width: 100%;\n} \n  .branding {\n        position: fixed;\n        bottom: 10px;\n        right: 10px;\n    }\n\n    .branding .img {\n        width: 50px;\n    }\n\n    .gallery {\n        display: flex;\n        flex-direction: column;\n        align-items: center;\n        max-width: 50%;\n    }\n\n    \n\n    .gallery__main {\n        position: relative;\n        z-index: 1;\n        margin-top: 7%;\n        width: 520px;\n        max-width: calc(100% - 95px);\n        display: flex;\n        flex-direction: column;\n        align-items: center;\n    }\n\n    .gallery__core {\n        box-shadow: 0px 4px 10px rgba(0, 0, 0, 0.5);\n        overflow: hidden;\n        width: 100%;\n        padding-top: 100%;\n        position: relative;\n    }\n\n    .gallery__core img {\n        position: absolute;\n        top: 0;\n        left: 0;\n        width: 100%;\n        height: 100%;\n        object-fit: cover;\n        object-position: center center;\n        transform: translateY(0);\n    }\n\n    .gallery__core img.slide-in {\n        top: 100%;\n    }\n\n    .gallery__core img.shift-up {\n        transition: transform 400ms;\n        transform: translateY(-100%);\n    }\n\n    .gallery__track {\n        display: flex;\n        flex-direction: row;\n        margin-top: 5px;\n        align-items: center;\n        justify-content: center;\n        width: 100%;\n    }\n\n    .gallery__track__item {\n        width: 43px;\n        height: 43px;\n        cursor: pointer;\n        margin-bottom: 10px;\n        margin-right: 6px;\n        margin-left: 6px;\n        box-shadow: 0px 4px 10px rgba(0, 0, 0, 0.3);\n        overflow: hidden;\n        border-radius: 7%;\n        transition: transform 350ms;\n    }\n\n    .gallery__track__item img {\n        width: 100%;\n        height: 100%;\n        object-fit: cover;\n        object-position: center center;\n    }\n\n    .gallery__track__item:hover {\n        transform: scale(1.2);\n    }\n\n    .gallery__track__item.active {\n        width: 40px;\n        height: 40px;\n        border: 3px solid white;\n    }\n  .whole{\n    display: flex;\n        flex-direction: column;\n        align-items: center;\n  }\n  \n  .title{\n     font-size: 30px;\n    font-weight: 550;\n    color: #007A64;\n  }\n  \n  .description{\n        display: flex;\n        flex-direction: row;\n        align-items: start;\n  }\n  \n  .text{\n    display: flex;\n        flex-direction: column;\n    text-align: justify; \n    align-items: center;\n   \n  }\n  .text-title{\n   text-align:center;\n    color: #007A64;\n  }\n  .about{\n  width: inherit;\n line-height:37px;\n  }\n @media only screen and (max-width: 768px) {\n .gallery {\n        display: flex;\n        flex-direction: column;\n        align-items: center;\n        max-width: 80%;\n    }\n\n .text-title{display:none} \n.text{\n    display: flex;\n        flex-direction: column;\n    width: 80%;\n text-align:justify; \n    align-items: center;\n   \n  }\n .description{\n        display: flex;\n        flex-direction: column;\n        align-items: center;\n  }\n }</style>\n\n<div class='whole'>\n    <h1 class='title'>\n        Sobre nós\n    </h1>\n    <div class='description'>\n        \n        <div class=\"gallery\">\n            <div class=\"gallery__main\">\n                <div class=\"gallery__core\"><img src=\"#\" /></div>\n                <div class=\"gallery__track\"></div>\n            </div>\n        </div>\n      <div class='text'>\n          <h2 class='text-title'>LW Terapia Capilar</h2>\n        <span class='about'>\n        Lorem ipsum dolor sit amet, consectetur adipiscing elit,\n          sed do eiusmod tempor incididunt ut labore et dolore\n          magna aliqua. Ut enim ad minim veniam, quis nostrud\n          exercitation ullamco laboris nisi ut aliquip ex ea commodo consequat. Lorem ipsum dolor sit amet,\n          consectetur adipiscing elit, sed do eiusmod tempor incididunt ut labore et dolore magna aliqua.\n          Ut enim ad minim veniam, quis nostrud exercitation ullamco laboris nisi ut aliquip ex ea commodo\n          consequat. Lorem ipsum dolor sit amet, consectetur adipiscing elit, sed do eiusmod tempor incididunt ut labore et dolore magna\n          aliqua. Ut enim ad minim veniam, quis nostrud exercitation ullamco laboris nisi ut aliquip ex ea commodo consequat.\n          Lorem ipsum dolor sit amet, consectetur adipiscing elit, sed do eiusmod tempor incididunt ut labore et dolore magna aliqua.\n          Ut enim ad minim veniam, quis nostrud exercitation ullamco laboris nisi ut aliquip ex ea commodo consequat. Lorem ipsum dolor sit amet,\n          consectetur adipiscing.\n        </span>\n      </div>\n    </div>\n </div>"
    }
  ]
}