{
  "meta_title": "",
  "meta_description": "",
  "sections": [
    {
      "type": "banner-slider",
      "autoplay": 9000,
      "full_width": true,
      "slides": [
        {
          "start": "",
          "end": "",
          "img": "/img/uploads/realbanner.jpg"
        }
      ]
    },
    {
      "type": "custom-html",
      "html": "\n\n"
    },
    {
      "type": "custom-html",
      "html": "\n<script>\nvar elements = document.querySelectorAll(\"description-button\");\nfor (var i = 0; i < elements.length; i++) {\n    elements[i].addEventListener(\"mouseover\", function(){\n        this.style.filter = \"brightness(80%)\";\n    });\n    elements[i].addEventListener(\"mouseout\", function(){\n        this.style.filter = \"brightness(100%)\";\n    });\n}\n  \n  function goToPage(url){\n    console.log(url);\n    window.location.href = url;\n  }\n\n</script>\n<style>\n \n @font-face {\n    font-family: \"RightFont\";\n    src: url(\"../../public/assets/right-font.ttf\");\n  }\n  .section{\n  \n  }\n  .background-amarelinho{\n    background-color: #E3DFCA;\n     display: flex;\n   align-items: center;\n   justify-content: center;\n    flex-direction: column;\n    margin-top: 5%;\n  }\n .section2{\n   display: flex;\n   align-items: center;\n   justify-content: center;\n   flex-direction:row;\n  }\n  \n  .texto{\n   width: 50%;\n   display: flex;\n   align-items: center;\n   justify-content: center;\n   flex-direction: column;\n    \n    margin-left: 3%;\n  }\n  \n .description-button1{\n  background-color: #847A38;\n  color: white;\n  width: 100%;\n  height: 30px;\n  display: flex;\n  align-items: center;\n  justify-content: center;\n  margin-top:5%;\n    cursor: pointer;\n }\n  .imagem1{\n    width:50%;\n    margin-top: 2%;\n    \n  }\n  \n  .imagem2{\n    width:90%;\n    margin-top: 2%;\n    display: none;\n  }\n  \n  .title-text {\n  color: #007A64;\n  text-align: center;\n font-weight: Light;\n  font-size: 20px;\n    \n  opacity: 1;\n}\n  .title{\n   display: flex;\n   align-items: center;\n   justify-content: center;\n   flex-direction: column;\n  }\n .description{\n   display: flex;\n   align-items: center;\n   justify-content: center;\n   flex-direction: column;\n   text-align: center;\n  }\n.description-text {\n  color: #333;\n  font-weight: Light;\n  margin-top: 3%;\n  margin-bottom:3%;\n  font-size: 13px;\n  opacity: 1;\n}\n  \n .post-button{ display: none;} \n .description-button{\n  background-color: #847A38;\n  color: white;\n  width: 90%;\n  height: 30px;\n  display: flex;\n  align-items: center;\n  justify-content: center;\n  margin-top:5%;\n    cursor: pointer;\n }\n  \n .description-button:hover {\n    filter: brightness(80%);\n   transition: filter 2s;\n}\n \n.minilogo{\n  height:80px;\n}\n  \n .prod-description{\n    font-weight:light;\n    font-size: 12px;\n    text-align: start;\n  }\n .prod-button{\n    width: 50%;\n    margin-bottom:7%;\n    display: flex;\n   align-items: center;\n   justify-content: center;\n  }\n .prod{\n    width:20%;\n    display: flex;\n   align-items: start;\n   justify-content: center;\n   flex-direction: column;\n  }\n  @media only screen and (max-width: 768px) {\n .background-amarelinho{\n    background-color: #E3DFCA;\n     display: flex;\n   align-items: center;\n   justify-content: center;\n    flex-direction: column;\n    margin-top: 12%;\n  }\n .prod-button{\n    width: 90%;\n    margin-bottom:7%;\n    display: flex;\n   align-items: center;\n   justify-content: center;\n  }\n .prod-description{\n    font-weight:light;\n  display: none; \n  font-size: 9px;\n    text-align: center;\n  }\n .description-button{\n  background-color: #847A38;\n  color: white;\n  width: 100%;\n  height: 30px;\n  display: flex;\n  align-items: center;\n  justify-content: center;\n  margin-top:5%;\n    cursor: pointer;\n }\n .description-button1{ display: none;} \n.post-button{\n  background-color: #847A38;\n  color: white;\n  width: 100%;\n  height: 30px;\n  display: flex;\n  align-items: center;\n  justify-content: center;\n  margin-top:5%;\n    cursor: pointer;\n }\n .texto{\n   width: 90%;\n   display: flex;\n   align-items: center;\n   justify-content: center;\n   flex-direction: column;\n    \n  }\n .description{\n   display: flex;\n   align-items: center;\n   justify-content: center;\n   flex-direction: column;\n   text-align: center;\n  }\n.description-text {\n  color: #333;\n width: 100%;\n overflow: visible;\n font-weight: lighter;\n  margin-top: 3%;\n  margin-bottom:8%;\n text-align: justify;\n  font-size: 13px;\n  opacity: 1;\n}\n  \n  .container {\n     padding:0 !important;   width: 100%;\n  margin-top: -20px !important;      \n    }\n  \n   .imagem2{\n   display:flex;\n  width:90%;\n   object-fit: cover;\n   margin-bottom: 5%;\n margin-top: 5%;\n     \n  }\n    .imagem1{\n    width:50%;\n    margin-top: 2%;\n      display: none;\n  }\n}\n\n</style>\n<div class=''>\n  <div class='section2'>\n    <div class='texto'>\n      \n      <div class='title'>\n        <img class='minilogo' src='/img/uploads/minilogo1.png'>\n        <h2 class='title-text'>\n          NOSSO ESPAÇO\n        </h2>\n        <div class='imagem2'>\n      <img src='/img/uploads/salao.jpeg'>\n    </div>\n      </div>\n      \n      <div class='description'>\n        <span class='description-text'> \n          Lorem ipsum dolor sit amet, \n          consectetur adipiscing elit, sed\n          do eiusmod tempor incididunt ut \n          labore et d do eiusmod tempor incididunt\n          ut labore et  Lorem ipsum dolor sit amet,\n          consectetur adipiscing elit, sed do eiusmod\n          tempor incididunt ut labore et \n        </span>\n        <div onClick=\"goToPage('https://terapiacapilar.netlify.app/pages/sobre-nos')\" class='description-button'>\n            <span>SAIBA MAIS</span>\n        </div>\n      </div>\n      \n    </div>\n        \n    <div style='margin-left: 2%' class='imagem1'>\n      <img src='/img/uploads/salao.jpeg'>\n    </div>\n  </div>\n  </div>"
    },
    {
      "type": "custom-html",
      "html": "\n<div class=''>\n  <div class='section2'>\n    <div class='imagem1'>\n      <img src='/img/uploads/tratamentos-capilares-home.png'>\n    </div>\n    <div class='texto'>\n      \n      <div class='title'>\n        <img class='minilogo' src='/img/uploads/minilogo1.png'>\n        <h2 class='title-text'>\n          TRATAMENTOS CAPILARES\n        </h2>\n  <div class='imagem2'>\n      <img src='/img/uploads/tratamentos-capilares-home.png'>\n    </div>\n     </div>\n      \n      <div class='description'>\n        <span class='description-text'> \n          Lorem ipsum dolor sit amet, \n          consectetur adipiscing elit, sed\n          do eiusmod tempor incididunt ut \n          labore et d do eiusmod tempor incididunt\n          ut labore et  Lorem ipsum dolor sit amet,\n          consectetur adipiscing elit, sed do eiusmod\n          tempor incididunt ut labore et \n        </span>\n        <div onClick=\"goToPage('https://terapiacapilar.netlify.app/pages/servicos')\" class='description-button'>\n            <span>CONHEÇA TODOS OS TRATAMENTOS</button>\n        </div>\n      </div>\n      \n    </div>\n        \n  </div>\n  </div>"
    },
    {
      "type": "custom-html",
      "html": "<style>\n   .allprods2{ display: none;} \n .allprods{\n    display: flex;\n   align-items: center;\n   justify-content: space-between;\n   flex-direction: row;\n   margin-top: 5%;\n   margin-bottom: 3%;\n   width:80%\n  }\n    .prod-img{\n    border-radius: 5px;\n    box-shadow: 1px 1px 4px rgba(0, 0, 0, 0.25);\n  }\n  \n  .super-title {\n  text-align: center; \n   color: #007A64;\n    font-weight: bold;\n    font-size: 25px;\n    opacity: 1;\n  }\n  .prod-title{\n    font-weight:bold;\n    font-size: 11px;\n    margin-top:10%;\n  }\n  .prod2{\n    display: none;\n  }\n  \n  .prod1{\n    width:20%;\n    display: flex;\n   align-items: start;\n   justify-content: center;\n   flex-direction: column;\n  }\n  \n  @media only screen and (max-width: 768px) {\n    .prod1{\n    display: none;\n    }\n    .prod{\n    width:40%;\n    display: flex;\n   align-items: center;\n   justify-content: space-around;\n   flex-direction: column;\n    }\n    .prod2{\n    width:40%;\n    display: flex;\n   align-items: center;\n   justify-content: space-around;\n   flex-direction: column;\n    }\n    .allprods{\n    display: flex;\n   align-items: center;\n   justify-content: space-around;\n   flex-direction: row;\n   margin-top: 5%;\n   margin-bottom: 3%;\n   width:80%\n  }\n .allprods2{ @extend .allprods} \n  .prod-title{\n    font-weight:bold;\n    font-size: 11px;\n      text-align: center;\n    margin-top:10%;\n  }\n  }\n    \n  \n  </style>\n\n<div class='background-amarelinho'>\n  <img style='margin-top: 5%' class='minilogo' src='/img/uploads/minilogo1.png'>\n  <h2 class='super-title'>\n    PRODUTOS PARA TRATAMENTO\n  </h2>\n  <div class='allprods'>\n    <div class='prod'>\n        <img class='prod-img' src='/img/uploads/hidratante-de-coco.png'>\n        <p class='prod-title'>Hidratante de Côco</p>\n        <p class='prod-price'>R$39,90</p>\n        <p class='prod-description'>Lorem ipsum dolor sit amet, consectetur adipiscing elit, sed do eiusmod tempor incididunt ut labore et d do eiusmod lorem mas dieps.</p>\n    </div>\n    <div class='prod'>\n        <img class='prod-img' src='/img/uploads/creme-de-cabelo.png'>\n        <p class='prod-title'>Creme para Cabelo</p>\n        <p class='prod-price'>R$39,90</p>\n        <p class='prod-description'>Lorem ipsum dolor sit amet, consectetur adipiscing elit, sed do eiusmod tempor incididunt ut labore et d do eiusmod lorem mas dieps.</p>\n    </div>\n    <div class='prod1'>\n        <img class='prod-img' src='/img/uploads/oleo-de-babosa.png'>\n        <p class='prod-title'>Óleo de Babosa</p>\n        <p class='prod-price'>R$39,90</p>\n        <p class='prod-description'>Lorem ipsum dolor sit amet, consectetur adipiscing elit, sed do eiusmod tempor incididunt ut labore et d do eiusmod lorem mas dieps.</p>\n    </div>\n    <div class='prod1'>\n        <img class='prod-img' src='/img/uploads/locao-para-calvicie.png'>\n        <p class='prod-title'>Loção para Calvície</p>\n        <p class='prod-price'>R$39,90</p>\n        <p class='prod-description'>Lorem ipsum dolor sit amet, consectetur adipiscing elit, sed do eiusmod tempor incididunt ut labore et d do eiusmod lorem mas dieps.</p>\n    </div>\n       \n  </div>\n   <div class='allprods2'>\n    \n    <div class='prod2'>\n        <img class='prod-img' src='/img/uploads/oleo-de-babosa.png'>\n        <p class='prod-title'>Óleo de <br> Babosa</p>\n        <p class='prod-price'>R$39,90</p>\n        <p class='prod-description'>Lorem ipsum dolor sit amet, consectetur adipiscing elit, sed do eiusmod tempor incididunt ut labore et d do eiusmod lorem mas dieps.</p>\n    </div>\n    <div class='prod2'>\n        <img class='prod-img' src='/img/uploads/locao-para-calvicie.png'>\n        <p class='prod-title'>Loção para <br>Calvície</p>\n        <p class='prod-price'>R$39,90</p>\n        <p class='prod-description'>Lorem ipsum dolor sit amet, consectetur adipiscing elit, sed do eiusmod tempor incididunt ut labore et d do eiusmod lorem mas dieps.</p>\n    </div>\n       \n  </div>\n  \n  <div class='prod-button'>\n    <div onClick=\"goToPage('https://terapiacapilar.netlify.app/pages/produtos')\" class='description-button'>\n            <span>CONHEÇA TODOS OS PRODUTOS</button>\n     </div>\n  </div>\n  \n</div>\n"
    },
    {
      "type": "custom-html",
      "html": "\n<style>\n  \n  .section{\n  \n  }\n  .section2{\n   display: flex;\n   align-items: center;\n   justify-content: center;\n   flex-direction:row;\n  }\n  \n   #imagem{\n    width:50%;\n    margin-top: 2%;\n    \n  }\n  \n  .title-text {\n  color: #007A64;\n  font-weight: Light;\n  font-size: 20px;\n  opacity: 1;\n}\n  .title{\n   display: flex;\n   align-items: center;\n   justify-content: center;\n   flex-direction: column;\n  }\n .description{\n   display: flex;\n   align-items: center;\n   justify-content: center;\n   flex-direction: column;\n   text-align: center;\n  }\n.description-text {\n  color: #333;\n  font-weight: Light;\n  margin-top: 3%;\n  margin-bottom:3%;\n  font-size: 13px;\n  opacity: 1;\n}\n  \n.minilogo{\n  height:80px;\n}\n\n</style>\n<div class=''>\n  <div class='section2'>\n    <div class='texto'>\n      \n      <div class='title'>\n        <img class='minilogo' src='/img/uploads/minilogo1.png'>\n        <h2 class='title-text'>\n          AGENDE SEU ATENDIMENTO\n        </h2>\n  <div class='imagem2'>\n      <img src='/img/uploads/agende-seu-atendimento.png'>\n    </div>\n     </div>\n      \n      <div class='description'>\n        <span style='margin-right:3%' class='description-text'> \n          Lorem ipsum dolor sit amet, \n          consectetur adipiscing elit, sed\n          do eiusmod tempor incididunt ut \n          labore et d do eiusmod tempor incididunt\n          ut labore et  Lorem ipsum dolor sit amet,\n          consectetur adipiscing elit, sed do eiusmod\n          tempor incididunt ut labore et \n        </span>\n        <div class='description-button'>\n            <span>FAZER AGENDAMENTO</button>\n        </div>\n      </div>\n      \n    </div>\n        \n    <div class='imagem1'>\n      <img src='/img/uploads/agende-seu-atendimento.png'>\n    </div>\n  </div>\n  </div>"
    },
    {
      "type": "custom-html",
      "html": "<style>\n  .allposts{\n    display: flex;\n   align-items: center;\n   justify-content: center;\n    \n  }\n  .posts{\n    display: flex;\n   align-items: center;\n   justify-content: space-between;\n    flex-direction: column;\n    width: 80%;\n    margin-top:7%;\n    margin-bottom:7%;\n  }\n  .post{\n    display: flex;\n   align-items: center;\n   justify-content: space-between;\n   margin-bottom: 5%;\n      \n  }\n  .post-img{\n     width: 300px;\n   }\n  .post-content{\n  width:100%;\n   margin-left:5%;\n  }\n  .post-title{\n    color: #333;\n  font-weight: Light;\n  font-size: 30px;\n  opacity: 1;\n  }\n  .post-description{\n    color: #333;\n  font-weight: Light;\n  font-size: 16px;\n  opacity: 1;\n  }\n  .linha-divisora{\n  border-bottom: 0.5px solid #b6baad;\n  width: 100%;\n  margin-bottom: 7%;\n  margin-top: 5%;\n  }\n @media only screen and (max-width: 768px) {\n .post{ \n  display: flex; \n  align-items: center; \n   flex-direction:column; \n      justify-content: space-between;\n       margin-bottom: 5%; }\n .post-title{\n    color: #333;\n  text-align: center;\n weight: lighter;\n  font-size: 20px;\n  opacity: 1;\n  }\n  .post-description{ display: none} \n} \n</style>\n<div class='background-amarelinho'>\n  <img style='margin-top: 5%' class='minilogo' src='/img/uploads/minilogo1.png'>\n  <h2 class='super-title'>\n    BLOG LW\n  </h2>\n        \n  <div class='posts'>\n    \n    <div class='post'>\n      <img class='post-img' src='/img/uploads/cuidados-cabelo-oleoso.png'>\n      <div class='post-content'>\n        <div class='post-title'>\n          CUIDADOS COM CABELO OLEOSO\n        </div>\n   <div class='post-button'>\n            <span>LER ARTIGO</button>\n     </div>\n     <div class='post-description'>\n        Lorem ipsum dolor sit amet,\n          consectetur adipiscing elit,\n          sed do eiusmod tempor incididunt ut \n          labore et d do eiusmod tempor incididunt ut labore\n          et  Lorem ipsum dolor sit amet,\n          consectetur adipiscing elit,\n          sed do eiusmod tempor incididunt ut labore et \n        </div>\n      </div>\n    </div>\n    \n        <div class='linha-divisora'></div>\n    \n    <div class='post'>\n      <img class='post-img' src='/img/uploads/importancia-shampoo-neutro.png'>\n      <div class='post-content'>\n        <div class='post-title'>\n          IMPORTÂNCIA DO SHAMPOO NEUTRO\n        </div>\n   <div class='post-button'>\n            <span>LER ARTIGO</button>\n     </div>\n     <div class='post-description'>\n        Lorem ipsum dolor sit amet,\n          consectetur adipiscing elit,\n          sed do eiusmod tempor incididunt ut \n          labore et d do eiusmod tempor incididunt ut labore\n          et  Lorem ipsum dolor sit amet,\n          consectetur adipiscing elit,\n          sed do eiusmod tempor incididunt ut labore et \n        </div>\n      </div>\n    </div>\n    <div class='linha-divisora'></div>\n    \n    <div class='post'>\n      <img class='post-img' src='/img/uploads/cuidados-especiais-calvicie.png'>\n      <div class='post-content'>\n        <div class='post-title'>\n          CUIDADOS ESPECIAIS PARA CALVÍCIE\n        </div>\n   <div class='post-button'>\n            <span>LER ARTIGO</button>\n     </div>\n     <div class='post-description'>\n        Lorem ipsum dolor sit amet,\n          consectetur adipiscing elit,\n          sed do eiusmod tempor incididunt ut \n          labore et d do eiusmod tempor incididunt ut labore\n          et  Lorem ipsum dolor sit amet,\n          consectetur adipiscing elit,\n          sed do eiusmod tempor incididunt ut labore et \n        </div>\n      </div>\n    </div>\n \n    <div onClick=\"goToPage('https://terapiacapilar.netlify.app/blog')\" class='description-button1'>\n            <span>VEJA TODOS OS POSTS</button>\n     </div>\n    \n  </div>\n  \n</div>\n"
    }
  ]
}